Sample	fws
PC0167-C	0.771240545307996
PC0169-C	0.5869274590566346
PC0170-C	0.5853997420835584
[...]