@CO	shape:(6,)
@CO	dtype:float64
VALUE_0
0.024579012679306258
0.022102251156329036
-0.0036651649488625045
0.058624920691290994
-0.05256262378048046
0.0030877639949531866
