@CO	shape:(6,)
@CO	dtype:float64
VALUE_0
-11.341637474294142
-12.205157814667295
-10.551375658742952
-11.050302318008887
-10.649023948979034
-11.819275983850021
