@CO	shape:(6,)
@CO	dtype:float64
VALUE_0
0.45432604779835584
0.6769528438994317
0.2868633122543544
0.43816221739552985
0.32020981852765357
0.5954791641661951
