@CO	shape:(6,)
@CO	dtype:float64
VALUE_0
0.0007797123758072867
0.0006479726031041557
0.0007694910558915191
0.0007156797268360585
0.0007475455060148565
0.0007471452142296475
