@CO	shape:(6,)
@CO	dtype:float64
VALUE_0
-0.033807119074430805
-0.020410275273609054
-0.14383082040988318
0.2435503573843162
-0.5580742617425163
0.09244697716042291
