@CO	shape:(6,)
@CO	dtype:float64
VALUE_0
-4.811138777036006
-5.594935832433719
-4.596212483603178
-6.688139273833236
-7.173753625353331
-7.8505846957860586
