@CO	shape:(6,)
@CO	dtype:float64
VALUE_0
0.005758007353224498
0.0046234063644779244
0.00609054678822675
0.0037002697773969636
0.003563856076888202
0.0036820572446491923
