@CO	shape:(6,)
@CO	dtype:float64
VALUE_0
0.10872482118184117
0.1346766230609813
0.10564865792878583
0.22220842947188718
0.269595178418843
0.37282684554983536
